Tezabo,tezbo@sbcglobal.net,wdjwidaidj
Madaked,mddallara@aol.com,1231isa
Ionale,tlinden@msn.com,dadiaje
Indhsac,mschilli@att.net,sakeifi
Ybcjsdcs,ullman@att.net,qdqioeji
Opecahc,chrwin@mac.com,ch*ejnsj
Anagui,gilmoure@yahoo.cam,asdausaa
Opebgr,pjacklam@comcast.net,@32sddiia
Uitatat,staikos@yahoo.cam,ajsijcii
Koplis,nachbaur@gmail.com,923e829sak
Hymjk,hyper@verizon.net,iaudoanf
Nehaaan,neha36@yahoo.com,90923js
Kgatej,kshlerin.carmine@gmail.com,2sdajaa
Viscents,vincenza.stamm@vandervort.com,oidnnns
Nojks,gmcclure@hotmail.com,paooanc
Kolpin,sstroman@krajcik.org,232sjjslaa
Yoidt,hhahn@schmeler.com,acj7ewdhu
Werstd,barrett.schroeder@swaniawski.org,wuehdiwu6k
Qperts,payton.schmitt@hotmail.com,sii$32dc
Ytreopd,lorine.conn@romaguera.com,23djuc777
Uitopert,caden.hermann@rau.com,w900udjnd
Tevina,tevin.gibson@yahoo.com,ajisjosa3
Yasnetr,ystanton@morar.com,as88dnm
Uitenfg,sheller@wintheiser.com,asdiojwe9
Adison,hahn.jaydon@thompson.com,wiwjiow9
Lutar,lgreenholt@hotmail.com,wekdown2&@39
Homakl,lparker@heathcote.info,wdnjwn2$2
Treins,reilly.ignacio@prosacco.com,ajcnwi3
Adams,adams.myrl@volkman.net,@#ewjiwj
Maxien,maxie75@gmail.com,suyyadjak123
Sherlok,sherwood.paucek@larkin.com,wojdwn213
Opalk,opal.cruickshank@yahoo.com,adniuwe42
Kunze,kunze.christophe@gmail.com,2u3jdsny
Iocnia,hnikolaus@gmail.com,kqowdoj91
Chanzen,chandler90@yahoo.com,jndajncui7
Clenven,cleve.davis@stehr.info,dnain9
Rttta,retta41@hotmail.com,djjdnj2i1
Xakce,zakary.davis@hotmail.com,moiwj0
Ionsjkk,hudson.hal@hotmail.com,dwjniu1
Openju,ghoeger@walter.org,minci32
Polinu,fharvey@west.com,cnunui782
Kolsim,murray.dereck@gmail.com,mcknwoj9
Uinterd,viva12@ritchie.com,cnwen2sk
Uintsh,vallie.grant@deckow.com,nd2o7KDNS
Lopsma,ullrich.angelica@mayert.com,mcownew901
Opestb,eichmann.leonard@ebert.com,123nsjje892
Iandj,hester.bogan@gmail.com,cioiwj831
Kmester,kemmer.enrico@hotmail.com,cni901w
Rexcs,rex.bosco@gmail.com,cnowniw733
Iona,qhermann@beier.com,cnwo8881u31